Target,Patient_Count,Enzyme_ID,Valid_Cut_Sites,Best_Spacer
CLTC-VMP1,75,Cas13d_Mock_Variant_01,34,CGAATTTCACCAGTGGTTAACC
FGFR3-TACC3,63,Cas13d_Mock_Variant_01,33,GCGCGGCGCAAGGACAGAACAG
ESR1-CCDC170,13,Cas13d_Mock_Variant_01,32,GTCCTATGGTGATCAATTGCAC
SLC45A3-ERG,13,Cas13d_Mock_Variant_01,32,AACCGGACACCGGGCTCCCAGT
CLTC-VMP1,75,Cas13d_Mock_Variant_01,31,AATCAAATGCATCGAGCTGAGC
CLTC-VMP1,75,Cas13d_Mock_Variant_01,31,AAGTTTAGAAAATGAGGATAGC
CLTC-VMP1,75,Cas13d_Mock_Variant_01,31,AGATAGCTAGGTCGAAGCGCAT
RPS6KB1-VMP1,43,Cas13d_Mock_Variant_01,31,ATTAACTCAGTTGAGGAAAGCC
RUNX1-RUNX1T1,8,Cas13d_Mock_Variant_01,31,CGGCAGTATTCGGTACCCCGCG
FGFR3-TACC3,63,Cas13d_Mock_Variant_01,30,TACGTTTTAGTCTGCAAGTCCG
RPS6KB1-VMP1,43,Cas13d_Mock_Variant_01,30,TACATGTGGCATGTGGCGTAAG
MAPKAPK5-ACAD10,21,Cas13d_Mock_Variant_01,30,ACGCGCTCTATCCAGCAATAGT
PTPRK-RSPO3,14,Cas13d_Mock_Variant_01,30,TTTTTATCCCCCATCTTATTGT
PTPRK-RSPO3,14,Cas13d_Mock_Variant_01,30,GCTATCAGTGCCTATACTGGTG
EML4-ALK,9,Cas13d_Mock_Variant_01,30,CAAATTCGGGTGGCAACGCGGG
FGFR3-TACC3,63,Cas13d_Mock_Variant_01,29,TTATACCCGTGCAGGTTAATGT
FGFR3-TACC3,63,Cas13d_Mock_Variant_01,29,GAGGGGGGGCATTTCTCAGGGG
RPS6KB1-VMP1,43,Cas13d_Mock_Variant_01,29,ATCTGTCCTTAATCCTGAACAA
CCDC6-RET,24,Cas13d_Mock_Variant_01,29,GTCAAGTTTTGACCTCTTGGGA
BCR-ABL1,11,Cas13d_Mock_Variant_01,29,GATACACCTTGCAGCGAAGATG
ETV6-NTRK3,11,Cas13d_Mock_Variant_01,29,AAGCGGTGGGATTGCATAGAAT
KMT2A-ELL,9,Cas13d_Mock_Variant_01,29,GGAGCTAAATCAAATCATAGAG
CLTC-VMP1,75,Cas13d_Mock_Variant_01,28,GGTAAGCATGTTACCATGAACG
RPS6KB1-VMP1,43,Cas13d_Mock_Variant_01,28,AGGTCCCTTCGGCGTAACGAAA
RPS6KB1-VMP1,43,Cas13d_Mock_Variant_01,28,TTGTAGTGTCGGCTGATGGCAG
CBFB-MYH11,32,Cas13d_Mock_Variant_01,28,GCGAAAGCATTCACTAGTTCAT
PTPRK-RSPO3,14,Cas13d_Mock_Variant_01,28,ACCTTCCGTCCATCTGTCGTGG
CLTC-VMP1,75,Cas13d_Mock_Variant_01,27,TGGTTCCGTATTTTTCACGAAT
FGFR3-TACC3,63,Cas13d_Mock_Variant_01,27,ACTAAGCCCTTACGCACGGAGG
FGFR3-TACC3,63,Cas13d_Mock_Variant_01,27,AACTAGCCTGCTCGCGAAGGAC
RPS6KB1-VMP1,43,Cas13d_Mock_Variant_01,27,CAACGGGGCATTTGTGGTCATT
MAPKAPK5-ACAD10,21,Cas13d_Mock_Variant_01,27,ATGTAGCCAAAGATATTTGTTA
MAPKAPK5-ACAD10,21,Cas13d_Mock_Variant_01,27,GCTCAATTCTCGCCTTGGAGGG
MLLT10-PICALM,9,Cas13d_Mock_Variant_01,27,AGTCGATCTATAAATGGTTTGA
TMPRSS2-ERG,192,Cas13d_Mock_Variant_01,26,CGCCAAACAGAGGACCAGAGGG
CLTC-VMP1,75,Cas13d_Mock_Variant_01,26,AGCCACGGATCTATCCTTGGCC
FGFR3-TACC3,63,Cas13d_Mock_Variant_01,26,CTATATGCATGTCGCCTATGAG
RPS6KB1-VMP1,43,Cas13d_Mock_Variant_01,26,AGTGGTGTAAGACGCCTAGTTG
RPS6KB1-VMP1,43,Cas13d_Mock_Variant_01,26,CTCGTTCTATTGTAGAGACGTG
ETV6-NTRK3,11,Cas13d_Mock_Variant_01,26,CGCATTAACCCTCTCGTTAACG
CLDN18-ARHGAP26,9,Cas13d_Mock_Variant_01,26,GGCCGGGGGGTCAGGAACTGTC
COMMD10-AP3S1,8,Cas13d_Mock_Variant_01,26,GGCACCCCAGTTCAGACCCGGG
RPS6KB1-VMP1,43,Cas13d_Mock_Variant_01,25,CCTCTATCTGTTCTCGTATCTA
TMPRSS2-ETV4,9,Cas13d_Mock_Variant_01,25,AGAACAAGCACGTAGATAATGG
FGFR3-TACC3,63,Cas13d_Mock_Variant_01,24,TCAAATGCCGCGGATAAAATTG
FGFR3-TACC3,63,Cas13d_Mock_Variant_01,24,GGGGTGGCAGTTAATATAGGCG
PML-RARA,43,Cas13d_Mock_Variant_01,24,ACGTTGTTTCTTTACCAGGACT
MAPKAPK5-ACAD10,21,Cas13d_Mock_Variant_01,23,TAACGCCCACTAAAAACTGTTA
CLTC-VMP1,75,Cas13d_Mock_Variant_01,22,TGTCAACGGACTTGTGTGGTTA
CLTC-VMP1,75,Cas13d_Mock_Variant_01,22,ACTTTACCGAGAACAACGGCGG
